epoch,train_loss,val_loss,val_r2,val_pearson,val_mae_avg,grad_norm,lr,MAE_Phys_P0,MAE_Phys_P1,MAE_Phys_P2
1,0.49524705783246803,0.19681479055670242,0.8036063313484192,0.9117377400398254,0.1972395,2.3829329320417045,0.001,0.2957204,0.23186709,0.06413104
2,0.1634363777721271,0.0965081166617478,0.9038073420524597,0.9535195231437683,0.1554874,1.3787637966128583,0.001,0.22600892,0.19973743,0.04071588
3,0.11041051358841479,0.06964626191537591,0.9305543899536133,0.9663111567497253,0.124475814,1.0246794350421466,0.001,0.17511784,0.16464487,0.03366476
4,0.08814134689184805,0.05244621445861044,0.9477584362030029,0.973383903503418,0.09505222,0.8254926668378872,0.001,0.1524514,0.1039908,0.028714482
5,0.07670782168452352,0.06196007547499258,0.9383230209350586,0.9739665389060974,0.12677164,0.7024938331815762,0.001,0.20317847,0.14901441,0.028122034
6,0.06744679703880042,0.04891817177398295,0.9512548446655273,0.9764447212219238,0.089803286,0.6360193971818248,0.001,0.14810087,0.09346679,0.027842214
7,0.058329524323582266,0.036011804508257514,0.9641404151916504,0.9832770228385925,0.08658718,0.5965220713482117,0.001,0.14565228,0.09130964,0.02279962
8,0.050014288661578976,0.030361465260952333,0.9697621464729309,0.9850661158561707,0.0747521,0.5434263808468279,0.001,0.117349245,0.084584296,0.022322765
9,0.04319498104790148,0.027775845950162862,0.9723733067512512,0.9872128367424011,0.077871986,0.4984018466057488,0.001,0.12654667,0.087535724,0.019533573
10,0.037414057186236395,0.02511181257948091,0.974994957447052,0.9878568649291992,0.07329927,0.43638642484578083,0.001,0.10795511,0.09247393,0.019468753
11,0.033354762263191395,0.02416022518013097,0.9759411811828613,0.989039421081543,0.077985995,0.3856171752317264,0.001,0.103555106,0.11133725,0.019065633
12,0.03140352937741021,0.022059926503821263,0.9780583381652832,0.9891552329063416,0.068915084,0.41390945531499274,0.001,0.102084346,0.0861191,0.018541798
13,0.027951472102643583,0.02511811558204361,0.9750275611877441,0.9909045696258545,0.08313582,0.369252832172016,0.001,0.14992008,0.08100721,0.018480163
14,0.025948637209761257,0.02380824994437302,0.9762859344482422,0.9897475242614746,0.081681974,0.3519893551406007,0.001,0.10188423,0.12556183,0.017599871
15,0.024434577161892533,0.017807779432852056,0.9822986125946045,0.9919092059135437,0.067430414,0.3499878072224486,0.001,0.090272665,0.09636181,0.01565676
16,0.022914830107277576,0.01664655721640285,0.983443021774292,0.9917691349983215,0.0564568,0.33681598462807105,0.001,0.08464135,0.069214284,0.015514755
17,0.02211450387875493,0.017555577845513065,0.9825525283813477,0.9924424290657043,0.07271891,0.3448343371716551,0.001,0.102946565,0.1001675,0.015042674
18,0.020008528956209127,0.013438746898989135,0.9866310954093933,0.993539571762085,0.05365147,0.3042021965066465,0.001,0.067788504,0.07910197,0.014063941
19,0.01935725166393926,0.012167205538930772,0.9878994822502136,0.9940895438194275,0.049033303,0.3043157768706544,0.001,0.06906034,0.06512056,0.01291901
20,0.017932581063657523,0.012750857993017268,0.9873284697532654,0.9942938685417175,0.052218664,0.2807518821269179,0.001,0.071529835,0.07136209,0.013764075
21,0.017073600817793095,0.01718138592152656,0.9829173684120178,0.9931982159614563,0.054457385,0.2819612394696988,0.001,0.076732025,0.07113769,0.015502453
22,0.016289413927462155,0.014543497109714943,0.9855477213859558,0.9939894080162048,0.064294055,0.2740022290390901,0.001,0.07833375,0.10015038,0.014398038
23,0.01587234594570562,0.010634694672838042,0.9894404411315918,0.9948650002479553,0.04710485,0.2624857261681709,0.001,0.06284818,0.0667554,0.011710965
24,0.015512445102484462,0.010731345490564275,0.9893417954444885,0.9947540760040283,0.045705717,0.2827184468079299,0.001,0.06642226,0.058722746,0.011972144
25,0.014135002709044435,0.012091864513445504,0.9879725575447083,0.9946551322937012,0.052966014,0.2416886460904877,0.001,0.072501786,0.073873654,0.012522589
26,0.013642490862276608,0.010035655166529402,0.9900261759757996,0.9953421950340271,0.04885468,0.2500408179700946,0.001,0.06753691,0.0680048,0.011022337
27,0.013108535315662908,0.009101499485064156,0.9909703135490417,0.9956355690956116,0.042854656,0.24073170694394613,0.001,0.05685005,0.060933,0.01078091
28,0.012830286361158084,0.008884817739076253,0.9911794662475586,0.9957264065742493,0.042739745,0.23567130221440769,0.001,0.05735611,0.060252868,0.010610257
29,0.012261404397007757,0.009359374830994424,0.9906905293464661,0.9956469535827637,0.04869242,0.2182597467979303,0.001,0.057315454,0.078296445,0.010465368
30,0.011846341264133637,0.009917813011362582,0.9901406168937683,0.9955537915229797,0.05134904,0.22783943708426654,0.001,0.059782922,0.0829213,0.0113429
31,0.011333660576671076,0.008034339433983911,0.9920446872711182,0.9961172938346863,0.03917049,0.21227662089152838,0.001,0.053742826,0.053750593,0.01001805
32,0.01104598151990019,0.007448268842093552,0.9925979971885681,0.9963952898979187,0.03718226,0.2082085469231819,0.001,0.049847398,0.05235923,0.009340145
33,0.01062770849599625,0.008287064636809916,0.9917728304862976,0.9959933757781982,0.04123124,0.20416677895540628,0.001,0.058543906,0.055667564,0.009482259
34,0.01052556479700838,0.008792278132861174,0.9912571907043457,0.9961889386177063,0.04263786,0.2049236095989474,0.001,0.05887982,0.058238506,0.010795247
35,0.010015138802817835,0.009007591235486768,0.9910411834716797,0.9959815144538879,0.040328283,0.1916423414747555,0.001,0.05121149,0.05939145,0.010381904
36,0.009729562095178964,0.007423284687573397,0.99261075258255,0.9963293671607971,0.035724074,0.19010318161104434,0.001,0.05167336,0.04603217,0.009466694
37,0.009873729925186108,0.007962924770162076,0.9920914173126221,0.9961347579956055,0.03772567,0.19921466653434614,0.001,0.05324629,0.05045571,0.009475005
38,0.009061311380550885,0.007914262481882602,0.9921239018440247,0.996155321598053,0.041955065,0.17276861413884848,0.001,0.05234771,0.064187296,0.009330189
39,0.008939104720045584,0.007633680784249607,0.9924243092536926,0.9962992072105408,0.03970831,0.17908017446819585,0.001,0.056489184,0.053471074,0.009164666
40,0.00867295341369824,0.00723225180106827,0.9928209185600281,0.9965937733650208,0.03835787,0.174087784494074,0.001,0.05307992,0.052926984,0.009066701
41,0.008515220861465405,0.006973323942739753,0.9930729269981384,0.9966582655906677,0.03681347,0.17232812098420847,0.001,0.051652312,0.05028964,0.008498459
42,0.008100570581210689,0.006823262836359725,0.9932149052619934,0.9966216683387756,0.032753605,0.15852313124524137,0.001,0.044752356,0.04478755,0.00872092
43,0.00787815118369203,0.006764970248258567,0.9932681918144226,0.9967865943908691,0.037425276,0.14773768181808458,0.001,0.050646897,0.052811466,0.008817468
44,0.007994769099421395,0.006363133840923068,0.9936730861663818,0.9968844056129456,0.03495707,0.1590601302945195,0.001,0.046276316,0.05018721,0.008407679
45,0.007956378376141143,0.007139218004443977,0.992906391620636,0.9967190623283386,0.034466516,0.16770469092618162,0.001,0.050356872,0.04366267,0.009379998
46,0.007510284265390219,0.006693692146977292,0.9933428764343262,0.9968164563179016,0.03534327,0.14938485993744846,0.001,0.0465184,0.05100715,0.008504266
47,0.0072478486326174995,0.007100803188130825,0.9929491877555847,0.9966943860054016,0.039739903,0.13939915238001857,0.001,0.052261584,0.058529235,0.008428895
48,0.0071974714724019695,0.006572460826439194,0.9934735298156738,0.9968550801277161,0.035537522,0.14715371542750075,0.001,0.047546692,0.0507812,0.00828468
49,0.007031591555561882,0.006352338609816153,0.9936808943748474,0.9969415664672852,0.033839356,0.1441646397542268,0.001,0.044790916,0.048495725,0.008231429
50,0.006898165510866208,0.00605983598322808,0.9939752221107483,0.9970319271087646,0.034630526,0.1361244637935687,0.001,0.044008303,0.05205815,0.007825124
51,0.0067083203373625635,0.007573710212224647,0.9924570918083191,0.996662437915802,0.035495285,0.13341177652438227,0.001,0.051028084,0.046661656,0.008796121
52,0.006595966534111828,0.006175801723818236,0.9938680529594421,0.997065544128418,0.032770626,0.1333527089641117,0.001,0.044432357,0.045608,0.008271524
53,0.0065991977533212485,0.006920677197130421,0.9931192398071289,0.9966700673103333,0.03456314,0.12580432829717858,0.001,0.045403875,0.0499636,0.008321943
54,0.0065154892187149,0.006716669360293618,0.9933104515075684,0.9969934821128845,0.035668615,0.13460918086262558,0.001,0.044738203,0.053622197,0.008645435
55,0.006494375844352161,0.006756587873531293,0.9932886958122253,0.9968070983886719,0.036268506,0.13284408452268986,0.001,0.045692552,0.0546428,0.008470163
56,0.005210622050129949,0.005379191682308535,0.9946592450141907,0.9974468350410461,0.027933387,0.08748070836162415,0.0005,0.038875364,0.03742502,0.00749978
57,0.004986497921684679,0.005044772655149049,0.9949758648872375,0.9975042939186096,0.02856282,0.0886496838908226,0.0005,0.03892075,0.039703447,0.007064261
58,0.00488139303347554,0.005285617671435392,0.9947403073310852,0.9974239468574524,0.029444816,0.0819876343964007,0.0005,0.039336342,0.04186547,0.0071326313
59,0.005030341041735567,0.005637670242333714,0.9944136142730713,0.9973639845848083,0.03087389,0.09306388218610431,0.0005,0.0435322,0.04179789,0.007291581
60,0.004982507266937353,0.005181074142456055,0.994846522808075,0.9974326491355896,0.02933509,0.09846922975426284,0.0005,0.0382907,0.042503096,0.0072114766
61,0.004910966458792885,0.005617422393605679,0.9944188594818115,0.9973530173301697,0.029874498,0.09797488205349103,0.0005,0.03939199,0.042512953,0.007718551
62,0.004819777446052137,0.004908169372172295,0.9951184391975403,0.9975964426994324,0.028235225,0.09303272461976868,0.0005,0.03806796,0.03964831,0.006989407
63,0.0047070702043965984,0.0052674284464196315,0.9947622418403625,0.9974233508110046,0.030661881,0.08498767331337777,0.0005,0.039972015,0.044807363,0.0072062635
64,0.004741521689076774,0.005084792269936091,0.9949483871459961,0.9974953532218933,0.028899541,0.08841986955402377,0.0005,0.04084967,0.03881456,0.007034394
65,0.004617766069528013,0.0052078411548952515,0.9948141574859619,0.9974613189697266,0.029691316,0.08866050041997775,0.0005,0.042025663,0.039929226,0.0071190605
66,0.0046622585564756545,0.005201759217660638,0.9948218464851379,0.9975011944770813,0.028288469,0.08756478496205311,0.0005,0.040606532,0.036860105,0.00739877
67,0.004611352000373621,0.005090305699577815,0.9949517250061035,0.9975114464759827,0.02867358,0.09114837502471555,0.0005,0.039499752,0.039601583,0.0069194
68,0.004118949079665894,0.004656072281583955,0.9953702092170715,0.9977042078971863,0.02679764,0.06668983626003844,0.00025,0.037481125,0.03632626,0.006585534
69,0.004033707582150785,0.0046510983117019076,0.9953764081001282,0.9976952075958252,0.026061418,0.06951389339166328,0.00025,0.035169054,0.036290925,0.0067242743
70,0.004000400201962017,0.004574599145333978,0.9954466223716736,0.9977322220802307,0.026488839,0.06666967222770563,0.00025,0.035255507,0.037543852,0.0066671576
71,0.003948708692678628,0.004646793573717528,0.9953815937042236,0.9977107048034668,0.0261805,0.06667732333127684,0.00025,0.035324205,0.036477707,0.0067395885
72,0.00397036060357627,0.005108448523509351,0.9949169158935547,0.9975667595863342,0.02724888,0.07058737449609814,0.00025,0.03662511,0.037939496,0.007182031
73,0.003931033725555712,0.004867686501032189,0.9951674342155457,0.9976382255554199,0.026388109,0.06937555384378845,0.00025,0.03702224,0.035388704,0.006753386
74,0.0039035477958167322,0.0045504588869553575,0.9954736828804016,0.9977498054504395,0.025681237,0.06724946595990239,0.00025,0.035132438,0.035331752,0.00657952
75,0.003882718924135446,0.004839831515203548,0.9951899647712708,0.9976823329925537,0.027167132,0.06833536765826777,0.00025,0.037025977,0.037640918,0.0068345033
76,0.0038843025414707563,0.0047332659552368934,0.9953005909919739,0.9977078437805176,0.026741812,0.06942017585896075,0.00025,0.035541404,0.0379714,0.0067126313
77,0.003876619445630156,0.0045707376697395425,0.9954519271850586,0.9977385997772217,0.025997238,0.06830172171703162,0.00025,0.035382394,0.036111034,0.006498288
78,0.003857894827382633,0.004607509208630912,0.9954171180725098,0.9977383613586426,0.027014183,0.07179845360140451,0.00025,0.035433542,0.0390826,0.0065264055
79,0.0037906725947468426,0.004585721070253396,0.9954397082328796,0.9977385401725769,0.025245905,0.06829898390240563,0.00025,0.034488354,0.03470201,0.006547346
80,0.0035927463263368455,0.004519095526465886,0.9955067038536072,0.9977638125419617,0.024915775,0.05550533861588365,0.000125,0.03415711,0.034102548,0.006487665
81,0.0035402393950441013,0.004507960397985917,0.9955180287361145,0.9977691173553467,0.024761721,0.05767435079422622,0.000125,0.034420423,0.033451524,0.0064132237
82,0.0035152747608221376,0.004423637933368924,0.9955992102622986,0.9978203773498535,0.024999307,0.05867594964921284,0.000125,0.033862337,0.034663446,0.006472138
83,0.003502221534046502,0.004391045510014401,0.9956353306770325,0.9978293776512146,0.024469139,0.057128952107966514,0.000125,0.034055088,0.032906637,0.006445698
84,0.003477786676571392,0.0045427464986149265,0.9954841732978821,0.9977642893791199,0.024731183,0.055161494880724256,0.000125,0.033351302,0.034442853,0.006399393
85,0.0034904270507276247,0.004443729225593277,0.9955765604972839,0.9977936744689941,0.024343302,0.058176267189911,0.000125,0.03407115,0.032558665,0.0064000934
86,0.0034569627560746556,0.004304823996145514,0.9957191348075867,0.997856855392456,0.02396808,0.056368139248115186,0.000125,0.032871157,0.032727808,0.006305279
87,0.0034652038123280096,0.004407169698159906,0.9956144690513611,0.9978095889091492,0.024303509,0.058215707361983796,0.000125,0.033420686,0.033111658,0.0063781845
88,0.003486004881203746,0.004417644271367713,0.9956051707267761,0.9978117346763611,0.024643911,0.06014043977037786,0.000125,0.033733286,0.033730008,0.006468441
89,0.003418679435413105,0.0043722964540312565,0.9956509470939636,0.9978473782539368,0.024318682,0.05502114340234488,0.000125,0.032800023,0.033682562,0.0064734616
90,0.00344996178112091,0.00442867792105373,0.9955975413322449,0.9978154301643372,0.024966292,0.05853653414704548,0.000125,0.033028096,0.03543145,0.006439335
91,0.003435492515563965,0.004373856737643857,0.995650053024292,0.997836172580719,0.024622172,0.058183900047891056,0.000125,0.033156604,0.03436835,0.0063415603
92,0.0033092555908349375,0.004316558566274522,0.9957044720649719,0.9978547692298889,0.02397739,0.04970641424671149,6.25e-05,0.03272498,0.032899838,0.006307346
93,0.003292396426581727,0.004311907140514519,0.995713472366333,0.9978646636009216,0.024160028,0.05054942767222088,6.25e-05,0.032325707,0.033898305,0.0062560774
94,0.0032813495721299045,0.0043512707269644435,0.995670735836029,0.9978544116020203,0.024091316,0.050068571758917726,6.25e-05,0.0326815,0.033268735,0.006323721
95,0.0032543572374045277,0.004299356967588014,0.9957266449928284,0.9978692531585693,0.023727132,0.05068734829751447,6.25e-05,0.032568783,0.032334358,0.0062782546
96,0.003263153588048185,0.004318688489213775,0.9957032203674316,0.9978626370429993,0.023769952,0.051148241522689215,6.25e-05,0.03270151,0.03227857,0.006329776
97,0.003224825325865334,0.004351397103901151,0.995670735836029,0.9978541731834412,0.023784904,0.04992574833024043,6.25e-05,0.032904427,0.032118265,0.0063320156
98,0.0032624371897298308,0.004277196866047534,0.9957441687583923,0.9978718757629395,0.023518732,0.05081774808537846,6.25e-05,0.03227985,0.03202225,0.006254095
99,0.0032370250445966143,0.004392989074127583,0.9956281185150146,0.9978426098823547,0.023746612,0.0515402257799531,6.25e-05,0.032750566,0.03210762,0.006381655
100,0.003247838050793535,0.004265170308608043,0.9957570433616638,0.9978840947151184,0.023597518,0.05068373918747559,6.25e-05,0.032244056,0.03224912,0.0062993737
101,0.0032483274563432883,0.004274514279788053,0.9957489967346191,0.9978821277618408,0.023619108,0.050758946056183155,6.25e-05,0.032102406,0.032478828,0.006276094
102,0.0032129767603767566,0.004306645710257035,0.9957153797149658,0.9978645443916321,0.023614148,0.05251689419483605,6.25e-05,0.032383654,0.03215705,0.006301748
103,0.003225578667637639,0.004256904125213623,0.9957647323608398,0.997883141040802,0.023491057,0.050962628445591025,6.25e-05,0.032140587,0.03207368,0.006258906
104,0.0032305961218885722,0.004369204934639267,0.995657742023468,0.9978304505348206,0.023521928,0.05113887399458847,6.25e-05,0.032439735,0.03183279,0.0062932586
105,0.003224995951302135,0.004288749604285518,0.9957341551780701,0.997879683971405,0.024394644,0.05030524669982755,6.25e-05,0.032546453,0.034370627,0.006266852
106,0.0032002110831653727,0.004309468631502948,0.9957151412963867,0.9978653788566589,0.023661146,0.04986174918782597,6.25e-05,0.032581016,0.032098457,0.0063039656
107,0.0032263761892105444,0.0043422889105881315,0.9956803321838379,0.9978722929954529,0.023607424,0.05147832905808196,6.25e-05,0.032566432,0.03187718,0.0063786544
108,0.003185432178143876,0.004322604288028766,0.9957050681114197,0.9978538155555725,0.023599768,0.04968205551964978,6.25e-05,0.032531768,0.032023266,0.006244275
109,0.0031411404046006856,0.0042608523670631115,0.9957641959190369,0.9978886246681213,0.023477172,0.04602839680501638,3.125e-05,0.031999078,0.032196008,0.006236434
110,0.003145733199561366,0.004244843238516699,0.9957804679870605,0.9978971481323242,0.023267634,0.046503758212676445,3.125e-05,0.031811915,0.031760085,0.0062309005
111,0.003124383310921276,0.004256618551061123,0.9957671761512756,0.9978907704353333,0.02316378,0.046837746972045576,3.125e-05,0.032001764,0.031229092,0.006260485
112,0.0031173219696020546,0.0042646919624714915,0.9957582354545593,0.9978864789009094,0.023263732,0.046358688624379356,3.125e-05,0.03176673,0.031783085,0.0062413835
113,0.003106354143672858,0.0042898730386661576,0.9957361221313477,0.9978739619255066,0.023531213,0.045596863140170564,3.125e-05,0.032010864,0.03233766,0.006245114
114,0.0031044726935438457,0.0042406290392332435,0.9957840442657471,0.9978945255279541,0.023272688,0.04701850483545099,3.125e-05,0.03191886,0.031671222,0.006227983
115,0.0031057211537711535,0.0042794558066356035,0.9957461953163147,0.9978771209716797,0.023296995,0.047256096292989325,3.125e-05,0.031929825,0.031735342,0.006225818
116,0.003114458471060561,0.004223739044575752,0.9957998394966125,0.9978988766670227,0.023115272,0.04645461749178342,3.125e-05,0.031706918,0.031430703,0.006208193
117,0.0030879738231817376,0.004242463956905316,0.9957826137542725,0.9978951811790466,0.023298636,0.04654982997872197,3.125e-05,0.031669147,0.032027446,0.006199317
118,0.003114457328479511,0.0042154200469391254,0.9958080649375916,0.997905433177948,0.023182496,0.04760202285818779,3.125e-05,0.031860106,0.03147993,0.006207455
119,0.003126674566786891,0.004233749229696732,0.9957911968231201,0.9978985786437988,0.023272442,0.04719161582045471,3.125e-05,0.031961914,0.03163898,0.0062164324
120,0.0031006865608044706,0.004283378395853164,0.9957438111305237,0.9978811144828796,0.023321537,0.046268739074040145,3.125e-05,0.032187596,0.03152015,0.0062568607
121,0.0031034218998381886,0.004221234140516837,0.99580317735672,0.9979100227355957,0.023160214,0.04621628451104553,3.125e-05,0.031645495,0.031610947,0.006224198
122,0.0031072449760315137,0.004224356971209562,0.9958003163337708,0.9979018568992615,0.0231873,0.04695169826427969,3.125e-05,0.03170558,0.03164474,0.006211576
123,0.003084829440132117,0.0042606064035922665,0.995762050151825,0.9978893399238586,0.023422925,0.047795358700112416,3.125e-05,0.032246698,0.031795163,0.0062269145
124,0.0030769715293908653,0.004239285294013687,0.9957844614982605,0.9979011416435242,0.023165027,0.044831873783573936,1.5625e-05,0.031806193,0.031470228,0.0062186546
125,0.0030689296631005625,0.00425566449950013,0.9957684874534607,0.9978950023651123,0.023099078,0.04604381708481822,1.5625e-05,0.031603202,0.031443525,0.0062505105
126,0.003060785345376109,0.004227595238745967,0.9957950115203857,0.9979028701782227,0.023152044,0.04468944172461193,1.5625e-05,0.031614967,0.03162133,0.006219837
127,0.003051450077337198,0.004214611234544198,0.9958087801933289,0.9979063868522644,0.023053626,0.045231449105345406,1.5625e-05,0.03143818,0.031530585,0.0061921147
128,0.0030303662196515847,0.004224131001701838,0.9957997798919678,0.997901439666748,0.023006713,0.04525013748830119,1.5625e-05,0.031576965,0.03125676,0.006186414
129,0.0030533469523103852,0.0042305007765564735,0.9957920908927917,0.9978994727134705,0.023123072,0.04540243649039977,1.5625e-05,0.031484563,0.03168134,0.006203318
130,0.0030513640028980975,0.004242260244828236,0.9957786202430725,0.9978969097137451,0.023171553,0.04532998747314317,1.5625e-05,0.03164768,0.03162958,0.0062374016
131,0.0030297250412523557,0.004221754738047153,0.995800793170929,0.9979056715965271,0.023053905,0.04401594436111542,1.5625e-05,0.03143433,0.03152504,0.006202338
132,0.0030519901373135014,0.004242310041113745,0.9957806468009949,0.9978956580162048,0.02320969,0.04553945486347515,1.5625e-05,0.03183609,0.031587027,0.006205957
133,0.003024163337561269,0.004241972029963626,0.9957800507545471,0.9978968501091003,0.023069955,0.043800723123045775,7.8125e-06,0.03161793,0.031376246,0.0062156892
134,0.0030470659938483195,0.004241389941565598,0.9957817196846008,0.9978985786437988,0.023132524,0.04413963574023483,7.8125e-06,0.031577807,0.03160164,0.006218117
135,0.0030077440670123116,0.004214095163948928,0.9958081841468811,0.9979059100151062,0.022953944,0.04318349139568524,7.8125e-06,0.03142424,0.031238263,0.006199328
136,0.0030239412959772176,0.004225826716121239,0.9957963824272156,0.9979009032249451,0.0229317,0.04366708014267512,7.8125e-06,0.031438544,0.031142097,0.006214454
137,0.0030315969698726177,0.004206225087371053,0.9958173632621765,0.997911274433136,0.02291386,0.04288082545438704,7.8125e-06,0.03136042,0.031197041,0.0061841216
138,0.003042094623699737,0.00420961198927481,0.9958133697509766,0.99791020154953,0.02299259,0.043428228834804634,7.8125e-06,0.03133791,0.03145084,0.006189015
139,0.0030134407856974737,0.004229344144652161,0.995793342590332,0.997903048992157,0.023016239,0.04339370551034094,7.8125e-06,0.031467017,0.0313755,0.0062062023
140,0.0030174902833688755,0.0042096383963959125,0.9958145022392273,0.9979100227355957,0.022949712,0.0437660357548882,7.8125e-06,0.03146574,0.031190412,0.0061929906
141,0.0030313646450591163,0.004201008549219445,0.9958221316337585,0.9979119896888733,0.022995414,0.04375333535952119,7.8125e-06,0.03149358,0.031319052,0.0061736074
142,0.0030252520268717513,0.004200582262835925,0.9958233833312988,0.9979124069213867,0.02289343,0.04379795944562164,7.8125e-06,0.031434186,0.031065604,0.006180504
143,0.0030323381241137226,0.004206092297276364,0.9958176016807556,0.997910737991333,0.023057004,0.044167297669112114,7.8125e-06,0.03146233,0.031535167,0.0061735166
144,0.003010971096757883,0.004212552988076512,0.9958107471466064,0.99791020154953,0.023060128,0.043570208562591584,7.8125e-06,0.031504884,0.031489324,0.006186171
145,0.003020746258501047,0.004225184268589261,0.9957979321479797,0.9979022145271301,0.02297619,0.04375245238240725,7.8125e-06,0.031570002,0.03116753,0.0061910343
146,0.0030338255742106573,0.004227953243859207,0.995794951915741,0.9979024529457092,0.022955371,0.0436348439560245,7.8125e-06,0.031524967,0.031130657,0.0062104836
147,0.0030310763337741643,0.004218996325625649,0.9958041310310364,0.997905969619751,0.022949839,0.04521267147014697,7.8125e-06,0.0315726,0.031085806,0.0061911135
148,0.003010406280858829,0.004209023864963387,0.9958145022392273,0.9979114532470703,0.022912776,0.043554283833256165,3.90625e-06,0.031486083,0.031054787,0.0061974525
149,0.0030028338249499043,0.0042084734651106825,0.9958140850067139,0.9979116320610046,0.022942094,0.04308547649068383,3.90625e-06,0.031443734,0.031196564,0.0061859884
150,0.0029848695943911615,0.004212969466100765,0.9958097338676453,0.9979071617126465,0.02292628,0.042398931274113184,3.90625e-06,0.03145703,0.031121477,0.006200333
151,0.00300906070124227,0.004208568153502066,0.9958156943321228,0.9979103207588196,0.02289921,0.04366044507335169,3.90625e-06,0.03141375,0.031106018,0.006177867
152,0.003017569502321676,0.00421674530717391,0.9958066344261169,0.9979073405265808,0.022994041,0.04361751865440855,3.90625e-06,0.031434312,0.03136258,0.0061852373
153,0.003009596952615074,0.004202047480812556,0.9958210587501526,0.9979150891304016,0.023008883,0.042779038567988634,3.90625e-06,0.031390283,0.03145604,0.0061803283
154,0.0030008257387545163,0.004202168199080455,0.9958209991455078,0.9979133605957031,0.02291788,0.04254055124954484,1.953125e-06,0.03136202,0.03120743,0.0061841873
155,0.0029946695120570757,0.004204422235488892,0.995819091796875,0.9979135990142822,0.022999374,0.042499565165311386,1.953125e-06,0.031438272,0.031378917,0.006180932
156,0.0030194037257672878,0.004199369044243535,0.9958241581916809,0.9979150295257568,0.022939505,0.04311671279394588,1.953125e-06,0.031387933,0.031252958,0.006177626
157,0.0029941620156406974,0.00420338481287413,0.9958198666572571,0.9979127049446106,0.022945521,0.04298088117577017,1.953125e-06,0.03135758,0.031300206,0.0061787767
158,0.0030123421940178915,0.00420784497562843,0.9958154559135437,0.997911274433136,0.022941066,0.04247236371445008,1.953125e-06,0.03137335,0.03125754,0.006192305
159,0.003010725060971781,0.0042007772982875,0.9958224296569824,0.9979141354560852,0.022872051,0.04343570743244106,1.953125e-06,0.031294685,0.031136949,0.0061845216
160,0.003024866596197549,0.004204706300663043,0.9958189129829407,0.9979131817817688,0.022960238,0.04307151785769021,1.953125e-06,0.031423405,0.031273622,0.0061836895
161,0.003017895899641628,0.004202405108681208,0.9958211779594421,0.9979137778282166,0.022894932,0.04400247541336587,1.953125e-06,0.03140041,0.031099796,0.006184586
162,0.003020467087864495,0.004201624212385733,0.9958219528198242,0.9979133009910583,0.022866508,0.04270975881467422,1e-06,0.03133842,0.03107246,0.0061886404
163,0.0030258956808632553,0.004200459281100502,0.995823085308075,0.9979135394096375,0.022875493,0.04305889901404564,1e-06,0.03136306,0.031082598,0.0061808205
164,0.00299680156829639,0.004206688343724118,0.9958164095878601,0.9979114532470703,0.022867538,0.04270242240886909,1e-06,0.031311173,0.031104533,0.006186908
165,0.002987389747327128,0.004209511642214618,0.9958138465881348,0.9979104399681091,0.022874998,0.042653725788997,1e-06,0.031344663,0.031089524,0.0061908057
166,0.002988776840721837,0.0042025439346892925,0.9958207011222839,0.9979128837585449,0.022879148,0.04238505321093641,1e-06,0.031345952,0.031111844,0.006179652
167,0.0029994733036516575,0.004200628663920149,0.9958226084709167,0.9979131817817688,0.022880413,0.04147094726776734,1e-06,0.03137171,0.031088347,0.006181178
168,0.003007790151114662,0.004204416954064671,0.9958190321922302,0.9979124069213867,0.02291576,0.04286938280271836,1e-06,0.03137143,0.031192709,0.006183146
169,0.0030142807731994045,0.004197117648547208,0.9958261847496033,0.9979153275489807,0.02289547,0.04329575176913136,1e-06,0.031364363,0.031145543,0.006176504
170,0.002991637863671056,0.004201253003711942,0.9958221912384033,0.997913658618927,0.02287328,0.04308561323145137,1e-06,0.03133753,0.031101227,0.0061810818
171,0.0030130761119123465,0.004203077358535573,0.9958201050758362,0.9979128241539001,0.022866175,0.04244561940312576,1e-06,0.031322446,0.031091833,0.0061842413
172,0.003001246208580919,0.004198928422565701,0.9958245158195496,0.9979147911071777,0.022854097,0.04345338091777917,1e-06,0.031317912,0.031066403,0.0061779777
173,0.003012877302809645,0.004202332677720468,0.9958211779594421,0.9979138374328613,0.022887906,0.04235555482105897,1e-06,0.031362493,0.031113828,0.006187394
174,0.0030130365024359463,0.004207116139085987,0.9958165287971497,0.9979117512702942,0.02288217,0.042976458155261445,1e-06,0.031334933,0.0311237,0.0061878706
175,0.0030073750133331593,0.004203662087645711,0.9958197474479675,0.9979128837585449,0.022955328,0.0421561173463877,1e-06,0.031333458,0.03134816,0.0061843684
176,0.003003393499234233,0.004195198982576781,0.9958279728889465,0.9979159235954285,0.022881567,0.04338733300257224,1e-06,0.031356897,0.03111284,0.0061749676
177,0.002989958650387895,0.0042003951495206806,0.9958229064941406,0.9979130625724792,0.022854151,0.04260778507461754,1e-06,0.031331006,0.031050254,0.0061811935
178,0.003001913856774473,0.004203258435937423,0.9958200454711914,0.9979124665260315,0.02287595,0.04250905843683706,1e-06,0.031325195,0.031120047,0.006182611
179,0.0030127485720113445,0.004194744025604634,0.9958288073539734,0.997916042804718,0.022859432,0.042820609040772575,1e-06,0.03131956,0.03108136,0.006177378
180,0.0029914371502666047,0.004199611989757683,0.9958239197731018,0.9979143142700195,0.022869052,0.04208474059978994,1e-06,0.031325433,0.031102767,0.006178961
181,0.0029955620582873066,0.004201527260526826,0.9958218932151794,0.997913658618927,0.022878475,0.04189176919956367,1e-06,0.031342585,0.03111451,0.006178336
182,0.0029991594747232554,0.004204881342151497,0.9958181977272034,0.9979128241539001,0.022920236,0.04271573666780711,1e-06,0.03129862,0.03127689,0.0061852043
183,0.0029852696881888393,0.004198295028903816,0.9958248138427734,0.9979147911071777,0.022864839,0.042594364133124916,1e-06,0.031383444,0.03103173,0.0061793434
184,0.0030148760579264584,0.004195454377162305,0.9958276152610779,0.9979159235954285,0.022851944,0.0423472018870778,1e-06,0.031359702,0.031017551,0.0061785793
185,0.0029947371147692014,0.004195659975462322,0.9958276152610779,0.9979162216186523,0.022901883,0.04202198183027129,1e-06,0.031416647,0.031116081,0.006172914
186,0.0030101895713196777,0.004198274657696109,0.9958250522613525,0.9979159235954285,0.022934822,0.04300139414164395,1e-06,0.031394538,0.031232117,0.0061778123
187,0.003004964548177993,0.0041952740542496305,0.9958279728889465,0.9979162216186523,0.022891497,0.042999745778049145,1e-06,0.031394653,0.031103877,0.006175957
188,0.003007192009934983,0.004201668350002434,0.9958215355873108,0.9979134202003479,0.022918984,0.042726862003294806,1e-06,0.031400215,0.031173972,0.00618277
189,0.0029895960713346927,0.0042002416109736965,0.9958233833312988,0.9979147911071777,0.02287393,0.04271586556523181,1e-06,0.031371947,0.031068863,0.006180976
190,0.003022904213244161,0.004202519791035713,0.9958210587501526,0.9979131817817688,0.0229124,0.042797267561951007,1e-06,0.031399965,0.03115932,0.006177914
191,0.0029867198139714736,0.004209344900107082,0.9958142638206482,0.9979097843170166,0.02285532,0.042228601164758774,1e-06,0.031328104,0.031048253,0.0061896015
192,0.003006089419221726,0.004199749306787418,0.9958236813545227,0.9979131817817688,0.022860529,0.04248126638464082,1e-06,0.031329002,0.031074611,0.006177974
193,0.0029854747814873155,0.004199399601055097,0.9958243370056152,0.997913122177124,0.022859765,0.04215781625729209,1e-06,0.031319957,0.031084167,0.006175166
194,0.0029877458517543806,0.004204158541522449,0.9958192706108093,0.9979124665260315,0.022861933,0.042473948777864534,1e-06,0.031331725,0.031069564,0.0061845086
195,0.002998008895605898,0.004206466523906853,0.9958168864250183,0.9979109764099121,0.022864336,0.04278590333180877,1e-06,0.031328868,0.031080429,0.0061837113
196,0.0029944166207846743,0.0042086485065991365,0.9958146214485168,0.9979111552238464,0.022895053,0.041894718707083896,1e-06,0.03136949,0.031132016,0.0061836545
197,0.0029744911498535936,0.0042087594165077695,0.9958141446113586,0.9979095458984375,0.022915741,0.04286285399343259,1e-06,0.031372134,0.031195942,0.006179148
198,0.003004953122367493,0.004202422084687631,0.9958204627037048,0.9979124069213867,0.022894166,0.04314833182020309,1e-06,0.03134447,0.031158358,0.0061796685
199,0.0029854915393427157,0.0042005460473555556,0.9958224296569824,0.9979128837585449,0.022845425,0.04278374474031476,1e-06,0.031294364,0.031063985,0.0061779236
